{
 "centerofmass": [
  1.8488726748844758e-19,
  0.018882721511042488,
  0.028638676648576597
 ],
 "placement": [
  {
   "origin": [
    0.0051446643323559,
    -2.30926389122033e-16,
    0.146
   ],
   "rotation": {
    "angle": 3.1415926535897873,
    "axis": [
     0.7071067811865476,
     -0.7071067811865475,
     2.3489562704413875e-15
    ]
   }
  }
 ],
 "features": [
  {
   "innertipfingerxneg": {
    "featureproperties": {},
    "featuretype": "Plane",
    "featureplacement": {
     "origin": [
      -3.552713678800501e-18,
      0.00514466433235577,
      0.0
     ],
     "rotation": {
      "angle": 3.1415926535897873,
      "axis": [
       -0.7071067811865476,
       0.7071067811865475,
       -2.3489562704413875e-15
      ]
     }
    },
    "Placement": {
     "origin": [
      0.0,
      0.0,
      0.0
     ],
     "rotation": {
      "angle": 0.0,
      "axis": [
       0.0,
       0.0,
       1.0
      ]
     }
    }
   }
  }
 ],
 "label": [
  "fingerxneg"
 ],
 "volume": 4.796205527154608e-05,
 "principalproperties": {
  "radiusofgyration": [
   20.01796795072633,
   17.780072533380626,
   13.465937478523156
  ],
  "firstaxisofinertia": [
   -1.3466343226427428e-19,
   0.0009886943377687754,
   -0.00014994501146741351
  ],
  "thirdaxisofinertia": [
   9.943348378002429e-20,
   0.00014994501146741351,
   0.0009886943377687754
  ],
  "moments": [
   19219308.78687035,
   15162291.501864143,
   8697030.090951893
  ],
  "symmetrypoint": false,
  "symmetryaxis": false,
  "secondaxisofinertia": [
   0.001,
   1.1823141811855638e-19,
   -1.1850143229304124e-19
  ]
 },
 "boundingbox": [
  -0.02,
  0.020000000000000007,
  0.00514466433235577,
  0.03714466433235582,
  -5.684341886080802e-17,
  0.063
 ]
}