{
 "centerofmass": [
  0.020291571780741084,
  -0.025537987447945273,
  -0.021541081032030892
 ],
 "placement": [
  {
   "origin": [
    0.07200000000000181,
    0.0299999999999968,
    0.132000000000002
   ],
   "rotation": {
    "angle": 2.0943951023932055,
    "axis": [
     0.5773502691896292,
     -0.5773502691896254,
     0.5773502691896228
    ]
   }
  }
 ],
 "features": [
  {
   "toplid_little_hole": {
    "featureproperties": {
     "parameterrange": [
      1.0707963296420038,
      7.35398163682159
     ],
     "radius": 0.0155000000006
    },
    "featuretype": "Circle",
    "featureplacement": {
     "origin": [
      0.034,
      -0.054979999999300005,
      3.387903291240946e-13
     ],
     "rotation": {
      "angle": 2.0943951023932055,
      "axis": [
       -0.5773502691896292,
       0.5773502691896254,
       -0.5773502691896228
      ]
     }
    },
    "Placement": {
     "origin": [
      0.0,
      0.0,
      0.0
     ],
     "rotation": {
      "angle": 0.0,
      "axis": [
       0.0,
       0.0,
       1.0
      ]
     }
    }
   },
   "toplid_grasp_loc": {
    "featureproperties": {
     "parameterrange": [
      1.0707963296420038,
      7.35398163682159
     ],
     "radius": 0.0155000000006
    },
    "featuretype": "Circle",
    "featureplacement": {
     "origin": [
      0.07799999999999997,
      -0.02949999999999997,
      -0.0635
     ],
     "rotation": {
      "angle": 4.188790204786401,
      "axis": [
       -0.5773502691896225,
       0.5773502691896263,
       0.5773502691896287
      ]
     }
    },
    "Placement": {
     "origin": [
      0.0,
      0.0,
      -0.0615
     ],
     "rotation": {
      "angle": 0.0,
      "axis": [
       0.0,
       0.0,
       1.0
      ]
     }
    }
   },
   "toplid_big_hole": {
    "featureproperties": {
     "parameterrange": [
      1.0707963296420038,
      7.35398163682159
     ],
     "radius": 0.0155000000006
    },
    "featuretype": "Circle",
    "featureplacement": {
     "origin": [
      0.034,
      2.2021140466677026e-13,
      -3.70356190160237e-13
     ],
     "rotation": {
      "angle": 2.0943951023932055,
      "axis": [
       -0.5773502691896292,
       0.5773502691896254,
       -0.5773502691896228
      ]
     }
    },
    "Placement": {
     "origin": [
      0.0,
      0.0,
      0.0
     ],
     "rotation": {
      "angle": 0.0,
      "axis": [
       0.0,
       0.0,
       1.0
      ]
     }
    }
   }
  }
 ],
 "label": [
  "toplid"
 ],
 "volume": 0.000591856851963222,
 "principalproperties": {
  "radiusofgyration": [
   56.99848835914904,
   45.125899334388954,
   41.71766079190367
  ],
  "firstaxisofinertia": [
   0.000976313505044516,
   1.2662879417483147e-05,
   0.00021598979455647908
  ],
  "thirdaxisofinertia": [
   -0.00021623716739856675,
   9.083329190477261e-05,
   0.0009721063730462765
  ],
  "moments": [
   1922840920.4314659,
   1205225801.0712507,
   1030045897.8149127
  ],
  "symmetrypoint": false,
  "symmetryaxis": false,
  "secondaxisofinertia": [
   7.309398274548644e-06,
   0.0009957856017068136,
   -9.14199547706264e-05
  ]
 },
 "boundingbox": [
  -4.027924660476856e-13,
  0.07800000000000008,
  -0.12600000000000003,
  0.07447896016107307,
  -0.0912238200203,
  0.07550000000975979
 ]
}