{
 "centerofmass": [
  -1.284458335750623e-08,
  -6.472006206629111e-17,
  0.0075575401801058276
 ],
 "placement": [
  {
   "origin": [
    1.28445832725532e-08,
    -8.79296635503124e-16,
    0.015000003340203601
   ],
   "rotation": {
    "angle": 0.0,
    "axis": [
     0.0,
     0.0,
     1.0
    ]
   }
  }
 ],
 "features": [
  {}
 ],
 "label": [
  "schunkflange"
 ],
 "volume": 0.00016242034019059182,
 "principalproperties": {
  "radiusofgyration": [
   42.542745030602866,
   30.56143917798699,
   30.225300318276297
  ],
  "firstaxisofinertia": [
   7.051978030792352e-20,
   -6.91950670819224e-20,
   0.001
  ],
  "thirdaxisofinertia": [
   2.9716208702297024e-16,
   0.001,
   6.919506708190144e-20
  ],
  "moments": [
   293962162.5385914,
   151700851.86571676,
   148382151.92628112
  ],
  "symmetrypoint": false,
  "symmetryaxis": false,
  "secondaxisofinertia": [
   0.001,
   -2.9716208702297024e-16,
   -7.051978030794408e-20
  ]
 },
 "boundingbox": [
  -0.05993599133272564,
  0.05993596564355909,
  -0.0599359784881425,
  0.059935978488142215,
  -3.34020366388188e-09,
  0.014999996659796408
 ]
}