{
 "centerofmass": [
  -0.0575393680473441,
  -2.063343665266114e-11,
  -4.566185899570692e-12
 ],
 "placement": [
  {
   "origin": [
    0.07200000000000151,
    0.0299999999999968,
    0.132000000000002
   ],
   "rotation": {
    "angle": 3.1415926535898047,
    "axis": [
     0.7071067811865474,
     -1.6539881479515032e-15,
     0.7071067811865477
    ]
   }
  }
 ],
 "features": [
  {
   "bigrotor_grasp_cyl": {
    "featureproperties": {
     "length": 8.500005085000007,
     "radius": 0.0124999980088,
     "parameterrange": [
      4.71238898038469,
      10.995574287564276,
      -8.500005085000007,
      0.0
     ],
     "frameparameter": 0.0
    },
    "featureplacement": {
     "origin": [
      0.0499999965511,
      0.0,
      0.0
     ],
     "rotation": {
      "angle": 4.71060569862841,
      "axis": [
       0.04219130694303393,
       0.9982183064024015,
       -0.04219130694302354
      ]
     }
    },
    "part": {
     "label": "bigrotor"
    },
    "placement": {
     "origin": [
      0.0,
      0.0,
      0.0
     ],
     "rotation": {
      "angle": 0.0,
      "axis": [
       0.0,
       0.0,
       1.0
      ]
     }
    },
    "featuretype": "Cylinder"
   },
   "bigrotor_grasp_loc": {
    "featureproperties": {
     "parameterrange": [
      0.0,
      6.283185307179586
     ],
     "radius": 0.011
    },
    "featureplacement": {
     "origin": [
      0.06,
      -3.552713678800501e-18,
      0.0
     ],
     "rotation": {
      "angle": 4.71060569862841,
      "axis": [
       0.04219130694303393,
       0.9982183064024015,
       -0.04219130694302354
      ]
     }
    },
    "part": {
     "label": "bigrotor"
    },
    "placement": {
     "origin": [
      0.0,
      0.0,
      0.0
     ],
     "rotation": {
      "angle": 3.141592653589793,
      "axis": [
       1.0,
       0.0,
       0.0
      ]
     }
    },
    "featuretype": "Circle"
   },
   "bigrotor_task_frame": {
    "featureproperties": {
     "length": 57.55750000000001,
     "radius": 0.0378,
     "parameterrange": [
      0.0,
      6.283185307179586,
      -57.500000000000014,
      57.500000000000014
     ],
     "frameparameter": -57.500000000000014
    },
    "featureplacement": {
     "origin": [
      -0.11500000000000003,
      6.039613253960852e-16,
      -1.4210854715202004e-17
     ],
     "rotation": {
      "angle": 3.1415926535898047,
      "axis": [
       -0.7071067811865474,
       1.6539881479515032e-15,
       -0.7071067811865477
      ]
     }
    },
    "part": {
     "label": "bigrotor"
    },
    "placement": {
     "origin": [
      0.0,
      0.0,
      0.0
     ],
     "rotation": {
      "angle": 0.0,
      "axis": [
       0.0,
       0.0,
       1.0
      ]
     }
    },
    "featuretype": "Cylinder"
   }
  }
 ],
 "label": [
  "bigrotor"
 ],
 "volume": 0.000578783936682929,
 "principalproperties": {
  "radiusofgyration": [
   45.591261210633526,
   45.59126120955213,
   25.460757973097056
  ],
  "firstaxisofinertia": [
   -5.94453701689529e-13,
   0.0009999335871666865,
   1.1524810452346037e-05
  ],
  "thirdaxisofinertia": [
   0.001,
   5.945445164400274e-13,
   -4.453814216109348e-15
  ],
  "moments": [
   1203038932.9535666,
   1203038932.8964958,
   375196800.72315633
  ],
  "symmetrypoint": false,
  "symmetryaxis": true,
  "secondaxisofinertia": [
   1.1305531283141253e-14,
   -1.1524810452346037e-05,
   0.0009999335871666865
  ]
 },
 "boundingbox": [
  -0.16449999237100005,
  0.06,
  -0.037800000000699996,
  0.037800000000699996,
  -0.037800000000699996,
  0.037800000000699996
 ]
}