{
 "centerofmass": [
  -0.06571702114600207,
  -0.029199324603427116,
  -0.0038770178796872765
 ],
 "placement": [
  {
   "origin": [
    0.07200000000000141,
    0.0299999999999968,
    0.132000000000001
   ],
   "rotation": {
    "angle": 4.1887902047863905,
    "axis": [
     -0.5773502691896274,
     0.5773502691896313,
     -0.5773502691896186
    ]
   }
  }
 ],
 "features": [
  {
   "corechamber_cyl_toplidpin": {
    "featureproperties": {
     "length": -60.23577545855141,
     "radius": 0.006,
     "parameterrange": [
      6.283183860903311,
      12.5663691680829,
      60.312676924310715,
      76.90146575930268
     ],
     "frameparameter": 76.90146575930268
    },
    "featureplacement": {
     "origin": [
      -0.0009999999999973283,
      0.0595000000000002,
      -9.592326932761353e-16
     ],
     "rotation": {
      "angle": 4.1887902047863905,
      "axis": [
       0.5773502691896274,
       -0.5773502691896313,
       0.5773502691896186
      ]
     }
    },
    "part": {
     "label": "corechamber"
    },
    "placement": {
     "origin": [
      0.0,
      0.0,
      0.0
     ],
     "rotation": {
      "angle": 0.0,
      "axis": [
       0.0,
       0.0,
       1.0
      ]
     }
    },
    "featuretype": "Cylinder"
   },
   "corechamber_hole_littlerotor": {
    "featureproperties": {
     "length": 56.85780142242074,
     "radius": 0.03053,
     "parameterrange": [
      3.1415926535902496,
      7.984005297003119,
      -56.800001422419996,
      57.80000000074507
     ],
     "frameparameter": 57.80000000074507
    },
    "featureplacement": {
     "origin": [
      7.450466910086107e-13,
      -0.054979999999999835,
      -7.176481631177012e-16
     ],
     "rotation": {
      "angle": 4.1887902047863905,
      "axis": [
       0.5773502691896274,
       -0.5773502691896313,
       0.5773502691896186
      ]
     }
    },
    "part": {
     "label": "corechamber"
    },
    "placement": {
     "origin": [
      0.0,
      0.0,
      0.0
     ],
     "rotation": {
      "angle": 0.0,
      "axis": [
       0.0,
       0.0,
       1.0
      ]
     }
    },
    "featuretype": "Cylinder"
   },
   "corechamber_hole_M8x35": {
    "featureproperties": {
     "length": 0.11689151403588137,
     "radius": 0.0034584999999999998,
     "parameterrange": [
      3.141592653598977,
      9.42477796101635,
      -0.10000000000000003,
      16.891514035881332
     ],
     "frameparameter": 0.0
    },
    "featureplacement": {
     "origin": [
      -0.00010000000000002275,
      0.045989999999999996,
      0.03
     ],
     "rotation": {
      "angle": 2.3530475330680507,
      "axis": [
       0.6429990533013974,
       -0.41605821095972223,
       -0.6429990533014042
      ]
     }
    },
    "part": {
     "label": "corechamber"
    },
    "placement": {
     "origin": [
      0.0,
      0.0,
      0.0
     ],
     "rotation": {
      "angle": 3.141592653589793,
      "axis": [
       1.0,
       0.0,
       0.0
      ]
     }
    },
    "featuretype": "Cylinder"
   },
   "corechamber_hole_M8x34": {
    "featureproperties": {
     "length": 0.11660568482810205,
     "radius": 0.0034584999999999998,
     "parameterrange": [
      5.305446963913672,
      11.588632271093259,
      -0.10000000000000003,
      16.60568482810201
     ],
     "frameparameter": -0.10000000000000003
    },
    "featureplacement": {
     "origin": [
      -2.842170943040401e-17,
      0.009989999999999995,
      0.06350000000000001
     ],
     "rotation": {
      "angle": 2.3530475330680507,
      "axis": [
       0.6429990533013974,
       -0.41605821095972223,
       -0.6429990533014042
      ]
     }
    },
    "part": {
     "label": "corechamber"
    },
    "placement": {
     "origin": [
      0.0,
      0.0,
      0.0
     ],
     "rotation": {
      "angle": 3.141592653589793,
      "axis": [
       1.0,
       0.0,
       0.0
      ]
     }
    },
    "featuretype": "Cylinder"
   },
   "corechamber_hole_M8x37": {
    "featureproperties": {
     "length": 0.11628395636765271,
     "radius": 0.0034584999999999998,
     "parameterrange": [
      3.1415926535989733,
      9.424777960940272,
      -0.09999999962747103,
      16.283956740181686
     ],
     "frameparameter": -0.09999999962747103
    },
    "featureplacement": {
     "origin": [
      -3.7255176721373574e-13,
      0.015499999999999993,
      -0.0725
     ],
     "rotation": {
      "angle": 2.3530475330680507,
      "axis": [
       0.6429990533013974,
       -0.41605821095972223,
       -0.6429990533014042
      ]
     }
    },
    "part": {
     "label": "corechamber"
    },
    "placement": {
     "origin": [
      0.0,
      0.0,
      0.0
     ],
     "rotation": {
      "angle": 3.141592653589793,
      "axis": [
       1.0,
       0.0,
       0.0
      ]
     }
    },
    "featuretype": "Cylinder"
   },
   "corechamber_hole_M8x36": {
    "featureproperties": {
     "length": 0.11702579662710418,
     "radius": 0.0034584999999999998,
     "parameterrange": [
      3.141592653474124,
      9.424777960778561,
      -0.09999999962747104,
      17.02579699963314
     ],
     "frameparameter": -0.09999999962747104
    },
    "featureplacement": {
     "origin": [
      -3.7252334550430536e-13,
      0.051989999999999995,
      -0.03
     ],
     "rotation": {
      "angle": 2.3530475330680507,
      "axis": [
       0.6429990533013974,
       -0.41605821095972223,
       -0.6429990533014042
      ]
     }
    },
    "part": {
     "label": "corechamber"
    },
    "placement": {
     "origin": [
      0.0,
      0.0,
      0.0
     ],
     "rotation": {
      "angle": 3.141592653589793,
      "axis": [
       1.0,
       0.0,
       0.0
      ]
     }
    },
    "featuretype": "Cylinder"
   },
   "corechamber_hole_M8x31": {
    "featureproperties": {
     "length": 0.11727389001334682,
     "radius": 0.0034584999999999998,
     "parameterrange": [
      0.6196406640327661,
      6.902825971212352,
      -0.10000000000254944,
      17.273890010797377
     ],
     "frameparameter": 0.0
    },
    "featureplacement": {
     "origin": [
      -9.999999999999431e-05,
      -0.09901000000000001,
      -0.03
     ],
     "rotation": {
      "angle": 2.3530475330680507,
      "axis": [
       0.6429990533013974,
       -0.41605821095972223,
       -0.6429990533014042
      ]
     }
    },
    "part": {
     "label": "corechamber"
    },
    "placement": {
     "origin": [
      0.0,
      0.0,
      0.0
     ],
     "rotation": {
      "angle": 3.141592653589793,
      "axis": [
       1.0,
       0.0,
       0.0
      ]
     }
    },
    "featuretype": "Cylinder"
   },
   "corechamber_hole_M8x30": {
    "featureproperties": {
     "length": 0.11617049844561866,
     "radius": 0.0034584999999999998,
     "parameterrange": [
      3.141592653598968,
      9.424777961041894,
      -0.09999999962747103,
      16.170498818147635
     ],
     "frameparameter": -0.09999999962747103
    },
    "featureplacement": {
     "origin": [
      -3.7252334550430536e-13,
      -0.06200000000000003,
      -0.079
     ],
     "rotation": {
      "angle": 2.3530475330680507,
      "axis": [
       0.6429990533013974,
       -0.41605821095972223,
       -0.6429990533014042
      ]
     }
    },
    "part": {
     "label": "corechamber"
    },
    "placement": {
     "origin": [
      0.0,
      0.0,
      0.0
     ],
     "rotation": {
      "angle": 3.141592653589793,
      "axis": [
       1.0,
       0.0,
       0.0
      ]
     }
    },
    "featuretype": "Cylinder"
   },
   "corechamber_hole_M8x33": {
    "featureproperties": {
     "length": 0.11660568482810205,
     "radius": 0.0034584999999999998,
     "parameterrange": [
      5.305446963919188,
      11.588632271098774,
      -0.10000000000000003,
      16.60568482810202
     ],
     "frameparameter": -0.10000000000000003
    },
    "featureplacement": {
     "origin": [
      0.0,
      -0.05751000000000002,
      0.0635
     ],