{
 "centerofmass": [
  -0.055191028224786144,
  2.0602051390030807e-11,
  -1.0904327017184964e-11
 ],
 "placement": [
  {
   "origin": [
    0.126980000000002,
    0.029999999999997203,
    0.132000000000002
   ],
   "rotation": {
    "angle": 2.932176121884751,
    "axis": [
     0.7031911338364664,
     -0.10509261909178383,
     0.7031911338364656
    ]
   }
  }
 ],
 "features": [
  {
   "littlerotor_task_frame": {
    "featureproperties": {
     "length": 57.55750000000001,
     "radius": 0.03048,
     "parameterrange": [
      0.0,
      6.283185307179586,
      -57.500000000000014,
      57.500000000000014
     ],
     "frameparameter": 57.500000000000014
    },
    "featureplacement": {
     "origin": [
      -0.11500000000000002,
      5.542233338928781e-16,
      1.5631940186722203e-16
     ],
     "rotation": {
      "angle": 4.705361846303239,
      "axis": [
       -0.08353466957645417,
       0.9929974410629181,
       0.08353466957646422
      ]
     }
    },
    "part": {
     "label": "littlerotor"
    },
    "placement": {
     "origin": [
      0.0,
      0.0,
      0.0
     ],
     "rotation": {
      "angle": 3.141592653589793,
      "axis": [
       1.0,
       0.0,
       0.0
      ]
     }
    },
    "featuretype": "Cylinder"
   },
   "littlerotor_grasp_cyl": {
    "featureproperties": {
     "length": 9.000004034500003,
     "radius": 0.00849999866374,
     "parameterrange": [
      4.71238898038469,
      10.995574287564276,
      -9.000004034500003,
      0.0
     ],
     "frameparameter": 0.0
    },
    "featureplacement": {
     "origin": [
      0.0464999962386,
      0.0,
      0.0
     ],
     "rotation": {
      "angle": 4.705361846303239,
      "axis": [
       -0.08353466957645417,
       0.9929974410629181,
       0.08353466957646422
      ]
     }
    },
    "part": {
     "label": "littlerotor"
    },
    "placement": {
     "origin": [
      0.0,
      0.0,
      0.0
     ],
     "rotation": {
      "angle": 0.0,
      "axis": [
       0.0,
       0.0,
       1.0
      ]
     }
    },
    "featuretype": "Cylinder"
   },
   "littlerotor_grasp_loc": {
    "featureproperties": {
     "parameterrange": [
      0.0,
      6.283185307179586
     ],
     "radius": 0.00700000090986
    },
    "featureplacement": {
     "origin": [
      0.057,
      0.0,
      -1.4210854715202004e-17
     ],
     "rotation": {
      "angle": 4.705361846303239,
      "axis": [
       -0.0835346695764542,
       0.9929974410629181,
       0.08353466957646424
      ]
     }
    },
    "part": {
     "label": "littlerotor"
    },
    "placement": {
     "origin": [
      0.0,
      0.0,
      0.0
     ],
     "rotation": {
      "angle": 3.141592653589793,
      "axis": [
       1.0,
       0.0,
       0.0
      ]
     }
    },
    "featuretype": "Circle"
   }
  }
 ],
 "label": [
  "littlerotor"
 ],
 "volume": 0.0003554735269095487,
 "principalproperties": {
  "radiusofgyration": [
   40.28576639358093,
   40.28576639208566,
   20.997192706919055
  ],
  "firstaxisofinertia": [
   4.959662388290431e-13,
   -0.00041785551157896584,
   0.0009085134954655769
  ],
  "thirdaxisofinertia": [
   0.001,
   6.053013347072471e-13,
   -2.6751142516707287e-13
  ],
  "moments": [
   576913262.9117651,
   576913262.8689392,
   156721915.5969131
  ],
  "symmetrypoint": false,
  "symmetryaxis": true,
  "secondaxisofinertia": [
   -4.3814330798845463e-13,
   0.0009085134954655769,
   0.00041785551157896584
  ]
 },
 "boundingbox": [
  -0.14000000000000007,
  0.05700000000000006,
  -0.03048000000040004,
  0.03048000000040002,
  -0.030480000000399996,
  0.03048000000039997
 ]
}