{
 "centerofmass": [
  1.1397774104245141e-17,
  5.778043434958244e-05,
  0.007531978481769265
 ],
 "placement": [
  {
   "origin": [
    0.0,
    0.0,
    0.0
   ],
   "rotation": {
    "angle": 0.0,
    "axis": [
     0.0,
     0.0,
     1.0
    ]
   }
  }
 ],
 "features": [
  {}
 ],
 "label": [
  "eeflange"
 ],
 "volume": 0.00015767653528366975,
 "principalproperties": {
  "radiusofgyration": [
   42.4950211087782,
   30.384592404610192,
   30.337068504078204
  ],
  "firstaxisofinertia": [
   6.879050947541243e-20,
   2.3047066043060244e-07,
   0.0009999999734416369
  ],
  "thirdaxisofinertia": [
   -2.452272761509986e-15,
   0.0009999999734416369,
   -2.3047066043060244e-07
  ],
  "moments": [
   284736516.1478488,
   145570675.7707254,
   145115663.83525774
  ],
  "symmetrypoint": false,
  "symmetryaxis": false,
  "secondaxisofinertia": [
   0.001,
   2.4522726805274417e-15,
   -6.339674305496328e-19
  ]
 },
 "boundingbox": [
  -0.059935978488142354,
  0.05993597848814235,
  -0.059935978488142354,
  0.059935978488142354,
  0.0,
  0.015
 ]
}